file,cluster_id,cluster_type,parser_type,code_lines,logical_loc,total_lines,blank_lines,comment_lines,cyclomatic_complexity,branch_count,loop_count,if_count,switch_count,case_count,goto_count,function_count,avg_function_loc,max_function_loc,min_function_loc,avg_parameter_count,max_parameter_count,max_function_complexity,avg_function_complexity,raw_pointer_count,pointer_declaration_count,pointer_dereference_count,pointer_arithmetic_count,pointer_member_access_count,void_pointer_count,dynamic_allocation_count,malloc_count,calloc_count,realloc_count,free_count,new_count,delete_count,allocation_free_ratio,precision_loss_count,double_to_float_count,long_to_int_count,long_long_to_int_count,size_t_to_int_count,explicit_precision_cast_count,struct_analysis,struct_count,struct_total_fields,estimated_struct_size,estimated_padding_bytes,max_struct_padding,has_sha1,sha1_count,has_md5,md5_count,has_legacy_rsa,rsa_count,has_legacy_crypto,legacy_crypto_count,crypto_algorithms_detected,static_array_count,linked_list_pattern_count,has_linked_list,matrix_pattern_count,tensor_pattern_count,bitwise_operation_count,has_malloc
interest.c,0,business_logic,tree_sitter,45,31,55,7,3,16,10,2,9,0,0,0,2,23.5,24,23,3.5,4,10,8.5,0,0,0,2,0,0,0,0,0,0,0,0,0,0.0,2,2,0,0,0,0,estimated,0,0,0,0,0,0,0,0,0,0,0,0,0,[],0,0,0,0,0,0,0
mortgage.c,0,business_logic,tree_sitter,22,17,33,8,3,6,2,2,2,0,0,0,1,27.0,27,27,3.0,3,6,6.0,0,0,0,2,0,0,0,0,0,0,0,0,0,0.0,0,0,0,0,0,0,estimated,0,0,0,0,0,0,0,0,0,0,0,0,0,[],0,0,0,0,0,0,0
transaction.c,1,memory_unsafe,tree_sitter,87,60,110,16,7,31,20,3,14,1,5,1,2,45.0,64,26,3.5,4,23,16.0,22,1,0,4,21,0,0,0,0,0,0,0,0,0.0,4,2,2,0,0,0,estimated,1,4,32,8,8,0,0,0,0,0,0,0,0,[],0,0,0,0,0,0,0
cipher.c,0,business_logic,tree_sitter,12,8,20,5,3,1,0,0,0,0,0,0,1,9.0,9,9,2.0,2,1,1.0,9,9,0,0,0,6,0,0,0,0,0,0,0,0.0,0,0,0,0,0,0,estimated,0,0,0,0,0,0,0,0,0,0,0,1,5,"['DES', 'RC4']",2,0,0,0,0,0,0
hash.c,2,legacy_crypto,tree_sitter,32,17,45,9,4,3,1,0,1,0,0,0,1,17.0,17,17,4.0,4,3,3.0,17,11,6,0,0,2,0,0,0,0,0,0,0,0.0,0,0,0,0,0,0,estimated,2,6,180,0,0,1,11,1,12,0,0,1,23,"['MD5', 'SHA1']",8,0,0,0,0,0,0
rsa.c,0,business_logic,tree_sitter,20,13,30,7,3,3,2,0,2,0,0,0,1,16.0,16,16,1.0,1,3,3.0,12,12,0,0,0,5,0,0,0,0,0,0,0,0.0,0,0,0,0,0,0,estimated,0,0,0,0,0,0,0,0,0,1,5,1,6,"['DES', 'RSA']",2,0,0,0,0,0,0
buffer.c,0,business_logic,tree_sitter,38,22,51,9,4,6,3,2,3,0,0,0,2,18.0,20,16,1.0,1,4,3.5,15,9,3,4,3,1,2,2,0,0,0,0,0,2.0,0,0,0,0,0,0,estimated,1,3,24,4,4,0,0,0,0,0,0,0,0,[],0,2,1,0,0,0,1
packet.h,0,business_logic,tree_sitter,20,17,30,6,4,1,0,0,0,0,0,0,0,0.0,0,0,0.0,0,0,0.0,2,2,0,0,0,2,0,0,0,0,0,0,0,0.0,0,0,0,0,0,0,estimated,3,6,26,1,1,0,0,0,0,0,0,0,0,[],1,0,0,0,0,0,0
pool.cpp,0,business_logic,tree_sitter,27,11,37,6,4,2,0,1,0,0,0,0,4,5.0,7,3,0.5,1,2,1.25,6,5,1,2,0,1,3,1,0,0,0,2,1,3.0,0,0,0,0,0,0,estimated,0,0,0,0,0,0,0,0,0,0,0,0,0,[],0,0,0,0,0,1,1
